{
  "info": {
    "name": "Movie Platform API",
    "schema": "https://schema.getpostman.com/json/collection/v2.1.0/collection.json"
  },
  "item": [
    {
      "name": "Register",
      "request": {
        "method": "POST",
        "header": [
          {
            "key": "Content-Type",
            "value": "application/json"
          }
        ],
        "body": {
          "mode": "raw",
          "raw": "{ \"name\":\"Test\",\"email\":\"test@example.com\",\"password\":\"password\" }"
        },
        "url": {
          "raw": "http://localhost:4000/api/auth/register"
        }
      }
    },
    {
      "name": "Login",
      "request": {
        "method": "POST",
        "header": [
          {
            "key": "Content-Type",
            "value": "application/json"
          }
        ],
        "body": {
          "mode": "raw",
          "raw": "{ \"email\":\"test@example.com\",\"password\":\"password\" }"
        },
        "url": {
          "raw": "http://localhost:4000/api/auth/login"
        }
      }
    },
    {
      "name": "Search Movies",
      "request": {
        "method": "GET",
        "header": [],
        "url": {
          "raw": "http://localhost:4000/api/movies/search?q=matrix"
        }
      }
    }
  ]
}